ID,TARGET
0,class_1
1,class_1
2,class_1
3,class_1
4,class_1
5,class_1
6,class_1
7,class_1
8,class_1
9,class_1
10,class_1
11,class_1
12,class_1
13,class_1
14,class_1
15,class_1
16,class_1
17,class_1
18,class_1
19,class_1
20,class_1
21,class_1
22,class_1
23,class_1
24,class_1
25,class_1
26,class_1
27,class_1
28,class_1
29,class_1
30,class_1
31,class_1
32,class_1
33,class_1
34,class_1
35,class_1
36,class_1
37,class_1
38,class_1
39,class_1
40,class_1
41,class_1
42,class_1
43,class_1
44,class_1
45,class_1
46,class_1
47,class_1
48,class_1
49,class_1
50,class_1
51,class_1
52,class_1
53,class_1
54,class_1
55,class_1
56,class_1
57,class_1
58,class_1
59,class_1
60,class_1
61,class_1
62,class_1
63,class_1
64,class_1
65,class_1
66,class_1
67,class_1
68,class_1
69,class_1
70,class_1
71,class_1
72,class_1
73,class_1
74,class_1
75,class_1
76,class_1
77,class_1
78,class_1
79,class_1
80,class_1
81,class_1
82,class_1
83,class_1
84,class_1
85,class_1
86,class_1
87,class_1
88,class_1
89,class_1
90,class_1
91,class_1
92,class_1
93,class_1
94,class_1
95,class_1
96,class_1
97,class_1
98,class_1
99,class_1
100,class_1
101,class_1
102,class_1
103,class_1
104,class_1
105,class_1
106,class_1
107,class_1
108,class_1
109,class_1
110,class_1
111,class_1
112,class_1
113,class_1
114,class_1
115,class_1
116,class_1
117,class_1
118,class_1
119,class_1
120,class_1
121,class_1
122,class_1
123,class_1
124,class_1
125,class_1
126,class_1
127,class_1
128,class_1
129,class_1
130,class_1
131,class_1
132,class_1
133,class_1
134,class_1
135,class_1
136,class_1
137,class_1
138,class_1
139,class_1
140,class_1
141,class_1
142,class_1
143,class_1
144,class_1
145,class_1
146,class_1
147,class_1
148,class_1
149,class_1
150,class_1
151,class_1
152,class_1
153,class_1
154,class_1
155,class_1
156,class_1
157,class_1
158,class_1
159,class_1
160,class_1
161,class_1
162,class_1
163,class_1
164,class_1
165,class_1
166,class_1
167,class_1
168,class_1
169,class_1
170,class_1
171,class_1
172,class_1
173,class_1
174,class_1
175,class_1
176,class_1
177,class_1
178,class_1
179,class_1
180,class_1
181,class_1
182,class_1
183,class_1
184,class_1
185,class_1
186,class_1
187,class_1
188,class_1
189,class_1
190,class_1
191,class_1
192,class_1
193,class_1
194,class_1
195,class_1
196,class_1
197,class_1
198,class_1
199,class_1
200,class_1
201,class_1
202,class_1
203,class_1
204,class_1
205,class_1
206,class_1
207,class_1
208,class_1
209,class_1
210,class_1
211,class_1
212,class_1
213,class_1
214,class_1
215,class_1
216,class_1
217,class_1
218,class_1
219,class_1
220,class_1
221,class_1
222,class_1
223,class_1
224,class_1
225,class_1
226,class_1
227,class_1
228,class_1
229,class_1
230,class_1
231,class_1
232,class_1
233,class_1
234,class_1
235,class_1
236,class_1
237,class_1
238,class_1
239,class_1
240,class_1
241,class_1
242,class_1
243,class_1
244,class_1
245,class_1
246,class_1
247,class_1
248,class_1
249,class_1
250,class_1
251,class_1
252,class_1
253,class_1
254,class_1
255,class_1
256,class_1
257,class_1
258,class_1
259,class_1
260,class_1
261,class_1
262,class_1
263,class_1
264,class_1
265,class_1
266,class_1
267,class_1
268,class_1
269,class_1
270,class_1
271,class_1
272,class_1
273,class_1
274,class_1
275,class_1
276,class_1
277,class_1
278,class_1
279,class_1
280,class_1
281,class_1
282,class_1
283,class_1
284,class_1
285,class_1
286,class_1
287,class_1
288,class_1
289,class_1
290,class_1
291,class_1
292,class_1
293,class_1
294,class_1
295,class_1
296,class_1
297,class_1
298,class_1
299,class_1
300,class_1
301,class_1
302,class_1
303,class_1
304,class_1
305,class_1
306,class_1
307,class_1
308,class_1
309,class_1
310,class_1
311,class_1
312,class_1
313,class_1
314,class_1
315,class_1
316,class_1
317,class_1
318,class_1
319,class_1
320,class_1
321,class_1
322,class_1
323,class_1
324,class_1
325,class_1
326,class_1
327,class_1
328,class_1
329,class_1
330,class_1
331,class_1
332,class_1
333,class_1
334,class_1
335,class_1
336,class_1
337,class_1
338,class_1
339,class_1
340,class_1
341,class_1
342,class_1
343,class_1
344,class_1
345,class_1
346,class_1
347,class_1
348,class_1
349,class_1
350,class_1
351,class_1
352,class_1
353,class_1
354,class_1
355,class_1
356,class_1
357,class_1
358,class_1
359,class_1
360,class_1
361,class_1
362,class_1
363,class_1
364,class_1
365,class_1
366,class_1
367,class_1
368,class_1
369,class_1
370,class_1
371,class_1
372,class_1
373,class_1
374,class_1
375,class_1
376,class_1
377,class_1
378,class_1
379,class_1
380,class_1
381,class_1
382,class_1
383,class_1
384,class_1
385,class_1
386,class_1
387,class_1
388,class_1
389,class_1
390,class_1
391,class_1
392,class_1
393,class_1
394,class_1
395,class_1
396,class_1
397,class_1
398,class_1
399,class_1
400,class_1
401,class_1
402,class_1
403,class_1
404,class_1
405,class_1
406,class_1
407,class_1
408,class_1
409,class_1
410,class_1
411,class_1
412,class_1
413,class_1
414,class_1
415,class_1
416,class_1
417,class_1
418,class_1
419,class_1
420,class_1
421,class_1
422,class_1
423,class_1
424,class_1
425,class_1
426,class_1
427,class_1
428,class_1
429,class_1
430,class_1
431,class_1
432,class_1
433,class_1
434,class_1
435,class_1
436,class_1
437,class_1
438,class_1
439,class_1
440,class_1
441,class_1
442,class_1
443,class_1
444,class_1
445,class_1
446,class_1
447,class_1
448,class_1
449,class_1
450,class_1
451,class_1
452,class_1
453,class_1
454,class_1
455,class_1
456,class_1
457,class_1
458,class_1
459,class_1
460,class_1
461,class_1
462,class_1
463,class_1
464,class_1
465,class_1
466,class_1
467,class_1
468,class_1
469,class_1
470,class_1
471,class_1
472,class_1
473,class_1
474,class_1
475,class_1
476,class_1
477,class_1
478,class_1
479,class_1
480,class_1
481,class_1
482,class_1
483,class_1
484,class_1
485,class_1
486,class_1
487,class_1
488,class_1
489,class_1
490,class_1
491,class_1
492,class_1
493,class_1
494,class_1
495,class_1
496,class_1
497,class_1
498,class_1
499,class_1
500,class_1
501,class_1
502,class_1
503,class_1
504,class_1
505,class_1
506,class_1
507,class_1
508,class_1
509,class_1
510,class_1
511,class_1
512,class_1
513,class_1
514,class_1
515,class_1
516,class_1
517,class_1
518,class_1
519,class_1
520,class_1
521,class_1
522,class_1
523,class_1
524,class_1
525,class_1
526,class_1
527,class_1
528,class_1
529,class_1
530,class_1
531,class_1
532,class_1
533,class_1
534,class_1
535,class_1
536,class_1
537,class_1
538,class_1
539,class_1
540,class_1
541,class_1
542,class_1
543,class_1
544,class_1
545,class_1
546,class_1
547,class_1
548,class_1
549,class_1
550,class_1
551,class_1
552,class_1
553,class_1
554,class_1
555,class_1
556,class_1
557,class_1
558,class_1
559,class_1
560,class_1
561,class_1
562,class_1
563,class_1
564,class_1
565,class_1
566,class_1
567,class_1
568,class_1
569,class_1
570,class_1
571,class_1
572,class_1
573,class_1
574,class_1
575,class_1
576,class_1
577,class_1
578,class_1
579,class_1
580,class_1
581,class_1
582,class_1
583,class_1
584,class_1
585,class_1
586,class_1
587,class_1
588,class_1
589,class_1
590,class_1
591,class_1
592,class_1
593,class_1
594,class_1
595,class_1
596,class_1
597,class_1
598,class_1
599,class_1
600,class_1
601,class_1
602,class_1
603,class_1
604,class_1
605,class_1
606,class_1
607,class_1
608,class_1
609,class_1
610,class_1
611,class_1
612,class_1
613,class_1
614,class_1
615,class_1
616,class_1
617,class_1
618,class_1
619,class_1
620,class_1
621,class_1
622,class_1
623,class_1
624,class_1
625,class_1
626,class_1
627,class_1
628,class_1
629,class_1
630,class_1
631,class_1
632,class_1
633,class_1
634,class_1
635,class_1
636,class_1
637,class_1
638,class_1
639,class_1
640,class_1
641,class_1
642,class_1
643,class_1
644,class_1
645,class_1
646,class_1
647,class_1
648,class_1
649,class_1
650,class_1
651,class_1
652,class_1
653,class_1
654,class_1
655,class_1
656,class_1
657,class_1
658,class_1
659,class_1
660,class_1
661,class_1
662,class_1
663,class_1
664,class_1
665,class_1
666,class_1
667,class_1
668,class_1
669,class_1
670,class_1
671,class_1
672,class_1
673,class_1
674,class_1
675,class_1
676,class_1
677,class_1
678,class_1
679,class_1
680,class_1
681,class_1
682,class_1
683,class_1
684,class_1
685,class_1
686,class_1
687,class_1
688,class_1
689,class_1
690,class_1
691,class_1
692,class_1
693,class_1
694,class_1
695,class_1
696,class_1
697,class_1
698,class_1
699,class_1
700,class_1
701,class_1
702,class_1
703,class_1
704,class_1
705,class_1
706,class_1
707,class_1
708,class_1
709,class_1
710,class_1
711,class_1
712,class_1
713,class_1
714,class_1
715,class_1
716,class_1
717,class_1
718,class_1
719,class_1
720,class_1
721,class_1
722,class_1
723,class_1
724,class_1
725,class_1
726,class_1
727,class_1
728,class_1
729,class_1
730,class_1
731,class_1
732,class_1
733,class_1
734,class_1
735,class_1
736,class_1
737,class_1
738,class_1
739,class_1
740,class_1
741,class_1
742,class_1
743,class_1
744,class_1
745,class_1
746,class_1
747,class_1
748,class_1
749,class_1
750,class_1
751,class_1
752,class_1
753,class_1
754,class_1
755,class_1
756,class_1
757,class_1
758,class_1
759,class_1
760,class_1
761,class_1
762,class_1
763,class_1
764,class_1
765,class_1
766,class_1
767,class_1
768,class_1
769,class_1
770,class_1
771,class_1
772,class_1
773,class_1
774,class_1
775,class_1
776,class_1
777,class_1
778,class_1
779,class_1
780,class_1
781,class_1
782,class_1
783,class_1
784,class_1
785,class_1
786,class_1
787,class_1
788,class_1
789,class_1
790,class_1
791,class_1
792,class_1
793,class_1
794,class_1
795,class_1
796,class_1
797,class_1
798,class_1
799,class_1
800,class_1
801,class_1
802,class_1
803,class_1
804,class_1
805,class_1
806,class_1
807,class_1
808,class_1
809,class_1
810,class_1
811,class_1
812,class_1
813,class_1
814,class_1
815,class_1
816,class_1
817,class_1
818,class_1
819,class_1
820,class_1
821,class_1
822,class_1
823,class_1
824,class_1
825,class_1
826,class_1
827,class_1
828,class_1
829,class_1
830,class_1
831,class_1
832,class_1
833,class_1
834,class_1
835,class_1
836,class_1
837,class_1
838,class_1
839,class_1
840,class_1
841,class_1
842,class_1
843,class_1
844,class_1
845,class_1
846,class_1
847,class_1
848,class_1
849,class_1
850,class_1
851,class_1
852,class_1
853,class_1
854,class_1
855,class_1
856,class_1
857,class_1
858,class_1
859,class_1
860,class_1
861,class_1
862,class_1
863,class_1
864,class_1
865,class_1
866,class_1
867,class_1
868,class_1
869,class_1
870,class_1
871,class_1
872,class_1
873,class_1
874,class_1
875,class_1
876,class_1
877,class_1
878,class_1
879,class_1
880,class_1
881,class_1
882,class_1
883,class_1
884,class_1
885,class_1
886,class_1
887,class_1
888,class_1
889,class_1
890,class_1
891,class_1
892,class_1
893,class_1
894,class_1
895,class_1
896,class_1
897,class_1
898,class_1
899,class_1
900,class_1
901,class_1
902,class_1
903,class_1
904,class_1
905,class_1
906,class_1
907,class_1
908,class_1
909,class_1
910,class_1
911,class_1
912,class_1
913,class_1
914,class_1
915,class_1
916,class_1
917,class_1
918,class_1
919,class_1
920,class_1
921,class_1
922,class_1
923,class_1
924,class_1
925,class_1
926,class_1
927,class_1
928,class_1
929,class_1
930,class_1
931,class_1
932,class_1
933,class_1
934,class_1
935,class_1
936,class_1
937,class_1
938,class_1
939,class_1
940,class_1
941,class_1
942,class_1
943,class_1
944,class_1
945,class_1
946,class_1
947,class_1
948,class_1
949,class_1
950,class_1
951,class_1
952,class_1
953,class_1
954,class_1
955,class_1
956,class_1
957,class_1
958,class_1
959,class_1
960,class_1
961,class_1
962,class_1
963,class_1
964,class_1
965,class_1
966,class_1
967,class_1
968,class_1
969,class_1
970,class_1
971,class_1
972,class_1
973,class_1
974,class_1
975,class_1
976,class_1
977,class_1
978,class_1
979,class_1
980,class_1
981,class_1
982,class_1
983,class_1
984,class_1
985,class_1
986,class_1
987,class_1
988,class_1
989,class_1
990,class_1
991,class_1
992,class_1
993,class_1
994,class_1
995,class_1
996,class_1
997,class_1
998,class_1
999,class_1
1000,class_1
1001,class_1
1002,class_1
1003,class_1
1004,class_1
1005,class_1
1006,class_1
1007,class_1
1008,class_1
1009,class_1
1010,class_1
1011,class_1
1012,class_1
1013,class_1
1014,class_1
1015,class_1
1016,class_1
1017,class_1
1018,class_1
1019,class_1
1020,class_1
1021,class_1
1022,class_1
1023,class_1
1024,class_1
1025,class_1
1026,class_1
1027,class_1
1028,class_1
1029,class_1
1030,class_1
1031,class_1
1032,class_1
1033,class_1
1034,class_1
1035,class_1
1036,class_1
1037,class_1
1038,class_1
1039,class_1
1040,class_1
1041,class_1
1042,class_1
1043,class_1
1044,class_1
1045,class_1
1046,class_1
1047,class_1
1048,class_1
1049,class_1
1050,class_1
1051,class_1
1052,class_1
1053,class_1
1054,class_1
1055,class_1
1056,class_1
1057,class_1
1058,class_1
1059,class_1
1060,class_1
1061,class_1
1062,class_1
1063,class_1
1064,class_1
1065,class_1
1066,class_1
1067,class_1
1068,class_1
1069,class_1
1070,class_1
1071,class_1
1072,class_1
1073,class_1
1074,class_1
1075,class_1
1076,class_1
1077,class_1
1078,class_1
1079,class_1
1080,class_1
1081,class_1
1082,class_1
1083,class_1
1084,class_1
1085,class_1
1086,class_1
1087,class_1
1088,class_1
1089,class_1
1090,class_1
1091,class_1
1092,class_1
1093,class_1
1094,class_1
1095,class_1
1096,class_1
1097,class_1
1098,class_1
1099,class_1
1100,class_1
1101,class_1
1102,class_1
1103,class_1
1104,class_1
1105,class_1
1106,class_1
1107,class_1
1108,class_1
1109,class_1
1110,class_1
1111,class_1
1112,class_1
1113,class_1
1114,class_1
1115,class_1
1116,class_1
1117,class_1
1118,class_1
1119,class_1
1120,class_1
1121,class_1
1122,class_1
1123,class_1
1124,class_1
1125,class_1
1126,class_1
1127,class_1
1128,class_1
1129,class_1
1130,class_1
1131,class_1
1132,class_1
1133,class_1
1134,class_1
1135,class_1
1136,class_1
1137,class_1
1138,class_1
1139,class_1
1140,class_1
1141,class_1
1142,class_1
1143,class_1
1144,class_1
1145,class_1
1146,class_1
1147,class_1
1148,class_1
1149,class_1
1150,class_1
1151,class_1
1152,class_1
1153,class_1
1154,class_1
1155,class_1
1156,class_1
1157,class_1
1158,class_1
1159,class_1
1160,class_1
1161,class_1
1162,class_1
1163,class_1
1164,class_1
1165,class_1
1166,class_1
1167,class_1
1168,class_1
1169,class_1
1170,class_1
1171,class_1
1172,class_1
1173,class_1
1174,class_1
1175,class_1
1176,class_1
1177,class_1
1178,class_1
1179,class_1
1180,class_1
1181,class_1
1182,class_1
1183,class_1
1184,class_1
1185,class_1
1186,class_1
1187,class_1
1188,class_1
1189,class_1
1190,class_1
1191,class_1
1192,class_1
1193,class_1
1194,class_1
1195,class_1
1196,class_1
1197,class_1
1198,class_1
1199,class_1
1200,class_1
1201,class_1
1202,class_1
1203,class_1
1204,class_1
1205,class_1
1206,class_1
1207,class_1
1208,class_1
1209,class_1
1210,class_1
1211,class_1
1212,class_1
1213,class_1
1214,class_1
1215,class_1
1216,class_1
1217,class_1
1218,class_1
1219,class_1
1220,class_1
1221,class_1
1222,class_1
1223,class_1
1224,class_1
1225,class_1
1226,class_1
1227,class_1
1228,class_1
1229,class_1
1230,class_1
1231,class_1
1232,class_1
1233,class_1
1234,class_1
1235,class_1
1236,class_1
1237,class_1
1238,class_1
1239,class_1
1240,class_1
1241,class_1
1242,class_1
1243,class_1
1244,class_1
1245,class_1
1246,class_1
1247,class_1
1248,class_1
1249,class_1
1250,class_1
1251,class_1
1252,class_1
1253,class_1
1254,class_1
1255,class_1
1256,class_1
1257,class_1
1258,class_1
1259,class_1
1260,class_1
1261,class_1
1262,class_1
1263,class_1
1264,class_1
1265,class_1
1266,class_1
1267,class_1
1268,class_1
1269,class_1
1270,class_1
1271,class_1
1272,class_1
1273,class_1
1274,class_1
1275,class_1
1276,class_1
1277,class_1
1278,class_1
1279,class_1
1280,class_1
1281,class_1
1282,class_1
1283,class_1
1284,class_1
1285,class_1
1286,class_1
1287,class_1
1288,class_1
1289,class_1
1290,class_1
1291,class_1
1292,class_1
1293,class_1
1294,class_1
1295,class_1
1296,class_1
1297,class_1
1298,class_1
1299,class_1
1300,class_1
1301,class_1
1302,class_1
1303,class_1
1304,class_1
1305,class_1
1306,class_1
1307,class_1
1308,class_1
1309,class_1
1310,class_1
1311,class_1
1312,class_1
1313,class_1
1314,class_1
1315,class_1
1316,class_1
1317,class_1
1318,class_1
1319,class_1
1320,class_1
1321,class_1
1322,class_1
1323,class_1
1324,class_1
1325,class_1
1326,class_1
1327,class_1
1328,class_1
1329,class_1
1330,class_1
1331,class_1
1332,class_1
1333,class_1
1334,class_1
1335,class_1
1336,class_1
1337,class_1
1338,class_1
1339,class_1
1340,class_1
1341,class_1
1342,class_1
1343,class_1
1344,class_1
1345,class_1
1346,class_1
1347,class_1
1348,class_1
1349,class_1
1350,class_1
1351,class_1
1352,class_1
1353,class_1
1354,class_1
1355,class_1
1356,class_1
1357,class_1
1358,class_1
1359,class_1
1360,class_1
1361,class_1
1362,class_1
1363,class_1
1364,class_1
1365,class_1
1366,class_1
1367,class_1
1368,class_1
1369,class_1
1370,class_1
1371,class_1
1372,class_1
1373,class_1
1374,class_1
1375,class_1
1376,class_1
1377,class_1
1378,class_1
1379,class_1
1380,class_1
1381,class_1
1382,class_1
1383,class_1
1384,class_1
1385,class_1
1386,class_1
1387,class_1
1388,class_1
1389,class_1
1390,class_1
1391,class_1
1392,class_1
1393,class_1
1394,class_1
1395,class_1
1396,class_1
1397,class_1
1398,class_1
1399,class_1
